-- bienestar_UN.PERSONA

-- Inserción 1
INSERT INTO bienestar_UN.PERSONA (per_DNI, per_tipo_de_documento, per_fecha_nacimiento, per_primer_nombre, per_segundo_nombre, per_primer_apellido, per_segundo_apellido, per_correo, per_telefono, per_sexo_biologico)
VALUES (111111100, 'CC', '1990-05-15 00:00:00', 'Juan', 'Pablo', 'González', 'Gómez', 'juanpablo@unal.edu.co', 3219876543, 'M');
        
-- Inserción 2
INSERT INTO bienestar_UN.PERSONA (per_DNI, per_tipo_de_documento, per_fecha_nacimiento, per_primer_nombre, per_segundo_nombre, per_primer_apellido, per_segundo_apellido, per_correo, per_telefono, per_sexo_biologico)
VALUES (111111101, 'CC', '1985-10-20 00:00:00', 'María', 'Isabel', 'Martínez', 'García', 'mariaisabel@gmail.com', 3001234567, 'F');

-- Inserción 3 (TI con fecha de nacimiento no anterior a 18 años)
INSERT INTO bienestar_UN.PERSONA (per_DNI, per_tipo_de_documento, per_fecha_nacimiento, per_primer_nombre, per_segundo_nombre, per_primer_apellido, per_segundo_apellido, per_correo, per_telefono, per_sexo_biologico)
VALUES (111111102, 'TI', '2004-04-07 00:00:00', 'Pedro', NULL, 'Sánchez', 'López', 'pedrosanchez@gmail.com', 3109876543, 'M');

-- Inserción 4
INSERT INTO bienestar_UN.PERSONA (per_DNI, per_tipo_de_documento, per_fecha_nacimiento, per_primer_nombre, per_segundo_nombre, per_primer_apellido, per_segundo_apellido, per_correo, per_telefono, per_sexo_biologico)
VALUES (111111103, 'TI', '2005-04-07 00:00:00', 'Ana', 'Lucía', 'Gutiérrez', 'Hernández', 'analucia@unal.edu.co', 3156789432, 'F');

-- Inserción 5
INSERT INTO bienestar_UN.PERSONA (per_DNI, per_tipo_de_documento, per_fecha_nacimiento, per_primer_nombre, per_segundo_nombre, per_primer_apellido, per_segundo_apellido, per_correo, per_telefono, per_sexo_biologico)
VALUES (111111104, 'CC', '1993-12-10 00:00:00', 'Carlos', 'Andrés', 'Rodríguez', 'Pérez', 'carlosandres@unal.edu.co', 3008765432, 'M');

-- Inserción 6 (TI con fecha de nacimiento no anterior a 18 años)
INSERT INTO bienestar_UN.PERSONA (per_DNI, per_tipo_de_documento, per_fecha_nacimiento, per_primer_nombre, per_segundo_nombre, per_primer_apellido, per_segundo_apellido, per_correo, per_telefono, per_sexo_biologico)
VALUES (111111105, 'TI', '2006-04-07 00:00:00', 'Laura', NULL, 'Díaz', 'Ramírez', 'laura@gmail.com', 3187654321, 'F');

-- Inserción 7
INSERT INTO bienestar_UN.PERSONA (per_DNI, per_tipo_de_documento, per_fecha_nacimiento, per_primer_nombre, per_segundo_nombre, per_primer_apellido, per_segundo_apellido, per_correo, per_telefono, per_sexo_biologico)
VALUES (111111106, 'CC', '1995-02-18 00:00:00', 'Javier', NULL, 'Martínez', 'Suárez', 'javier@unal.edu.co', 3109876543, 'M');

-- Inserción 8 (TI con fecha de nacimiento no anterior a 18 años)
INSERT INTO bienestar_UN.PERSONA (per_DNI, per_tipo_de_documento, per_fecha_nacimiento, per_primer_nombre, per_segundo_nombre, per_primer_apellido, per_segundo_apellido, per_correo, per_telefono, per_sexo_biologico)
VALUES (111111107, 'TI', '2007-04-07 00:00:00', 'Paula', 'Alejandra', 'García', 'Pérez', 'paulaalejandra@gmail.com', 3176543210, 'F');

-- Inserción 9
INSERT INTO bienestar_UN.PERSONA (per_DNI, per_tipo_de_documento, per_fecha_nacimiento, per_primer_nombre, per_segundo_nombre, per_primer_apellido, per_segundo_apellido, per_correo, per_telefono, per_sexo_biologico)
VALUES (111111108, 'TI', '2008-04-07 00:00:00', 'Andrés', 'Felipe', 'López', 'González', 'andresfelipe@unal.edu.co', 3009876543, 'M');

-- Inserción 10
INSERT INTO bienestar_UN.PERSONA (per_DNI, per_tipo_de_documento, per_fecha_nacimiento, per_primer_nombre, per_segundo_nombre, per_primer_apellido, per_segundo_apellido, per_correo, per_telefono, per_sexo_biologico)
VALUES (111111109, 'CC', '1994-06-05 00:00:00', 'Sofía', 'Camila', 'Hernández', 'Muñoz', 'sofiacamila@unal.edu.co', 3128765432, 'F');

-- Inserción 11
INSERT INTO bienestar_UN.PERSONA (per_DNI, per_tipo_de_documento, per_fecha_nacimiento, per_primer_nombre, per_segundo_nombre, per_primer_apellido, per_segundo_apellido, per_correo, per_telefono, per_sexo_biologico)
VALUES (111111110, 'CC', '1998-08-20 00:00:00', 'Luis', NULL, 'González', 'Rodríguez', 'luis@unal.edu.co', 3008765432, 'M');

-- Inserción 12 (TI con fecha de nacimiento no anterior a 18 años)
INSERT INTO bienestar_UN.PERSONA (per_DNI, per_tipo_de_documento, per_fecha_nacimiento, per_primer_nombre, per_segundo_nombre, per_primer_apellido, per_segundo_apellido, per_correo, per_telefono, per_sexo_biologico)
VALUES (111111111, 'TI', '2009-04-07 00:00:00', 'Elena', NULL, 'Pérez', 'Martínez', 'elena@gmail.com', 3187654321, 'F');

-- Inserción 13
INSERT INTO bienestar_UN.PERSONA (per_DNI, per_tipo_de_documento, per_fecha_nacimiento, per_primer_nombre, per_segundo_nombre, per_primer_apellido, per_segundo_apellido, per_correo, per_telefono, per_sexo_biologico)
VALUES (111111112, 'CC', '1996-11-12 00:00:00', 'Gabriel', NULL, 'Hernández', 'Gómez', 'gabriel@unal.edu.co', 3009876543, 'M');

-- Inserción 14 (TI con fecha de nacimiento no anterior a 18 años)
INSERT INTO bienestar_UN.PERSONA (per_DNI, per_tipo_de_documento, per_fecha_nacimiento, per_primer_nombre, per_segundo_nombre, per_primer_apellido, per_segundo_apellido, per_correo, per_telefono, per_sexo_biologico)
VALUES (111111113, 'TI', '2010-04-07 00:00:00', 'Camila', NULL, 'Rodríguez', 'López', 'camila@gmail.com', 3176543210, 'F');

-- Inserción 15
INSERT INTO bienestar_UN.PERSONA (per_DNI, per_tipo_de_documento, per_fecha_nacimiento, per_primer_nombre, per_segundo_nombre, per_primer_apellido, per_segundo_apellido, per_correo, per_telefono, per_sexo_biologico)
VALUES (111111114, 'CC', '1999-03-25 00:00:00', 'Alejandro', 'José', 'Gómez', 'Pérez', 'alejandro@unal.edu.co', 3123456789, 'M');

-- Inserción 16 (TI con fecha de nacimiento no anterior a 18 años)
INSERT INTO bienestar_UN.PERSONA (per_DNI, per_tipo_de_documento, per_fecha_nacimiento, per_primer_nombre, per_segundo_nombre, per_primer_apellido, per_segundo_apellido, per_correo, per_telefono, per_sexo_biologico)
VALUES (111111115, 'TI', '2011-04-07 00:00:00', 'Laura', 'María', 'Ramírez', 'García', 'lauramaria@gmail.com', 3234567890, 'F');

-- Inserción 17
INSERT INTO bienestar_UN.PERSONA (per_DNI, per_tipo_de_documento, per_fecha_nacimiento, per_primer_nombre, per_segundo_nombre, per_primer_apellido, per_segundo_apellido, per_correo, per_telefono, per_sexo_biologico)
VALUES (111111116, 'CC', '1992-07-30 00:00:00', 'Fernando', NULL, 'Martínez', 'Gómez', 'fernando@unal.edu.co', 3101234567, 'M');

-- Inserción 18 (TI con fecha de nacimiento no anterior a 18 años)
INSERT INTO bienestar_UN.PERSONA (per_DNI, per_tipo_de_documento, per_fecha_nacimiento, per_primer_nombre, per_segundo_nombre, per_primer_apellido, per_segundo_apellido, per_correo, per_telefono, per_sexo_biologico)
VALUES (111111117, 'TI', '2012-04-07 00:00:00', 'Sara', NULL, 'López', 'Hernández', 'sara@gmail.com', 3187654321, 'F');

-- Inserción 19
INSERT INTO bienestar_UN.PERSONA (per_DNI, per_tipo_de_documento, per_fecha_nacimiento, per_primer_nombre, per_segundo_nombre, per_primer_apellido, per_segundo_apellido, per_correo, per_telefono, per_sexo_biologico)
VALUES (111111118, 'CC', '1995-02-18 00:00:00', 'Diego', NULL, 'González', 'Martínez', 'diego@unal.edu.co', 3109876543, 'M');

-- Inserción 20 (TI con fecha de nacimiento no anterior a 18 años)
INSERT INTO bienestar_UN.PERSONA (per_DNI, per_tipo_de_documento, per_fecha_nacimiento, per_primer_nombre, per_segundo_nombre, per_primer_apellido, per_segundo_apellido, per_correo, per_telefono, per_sexo_biologico)
VALUES (111111119, 'TI', '2013-04-07 00:00:00', 'Luisa', NULL, 'Pérez', 'Gómez', 'luisa@gmail.com', 3176543210, 'F');

-- bienestar_UN.PERFIL_DE_SALUD

-- Inserción 1
INSERT INTO bienestar_UN.PERFIL_DE_SALUD (perfsalud_id, perfsalud_peso, perfsalud_RH, perfsalud_estatura) VALUES 
(1, 65.5, 'A+', 1.75);

-- Inserción 2
INSERT INTO bienestar_UN.PERFIL_DE_SALUD (perfsalud_id, perfsalud_peso, perfsalud_RH, perfsalud_estatura) VALUES 
(2, 70.2, 'B-', 1.80);

-- Inserción 3
INSERT INTO bienestar_UN.PERFIL_DE_SALUD (perfsalud_id, perfsalud_peso, perfsalud_RH, perfsalud_estatura) VALUES 
(3, 55.8, 'O+', 1.68);

-- Inserción 4
INSERT INTO bienestar_UN.PERFIL_DE_SALUD (perfsalud_id, perfsalud_peso, perfsalud_RH, perfsalud_estatura) VALUES 
(4, 60.0, 'AB+', 1.72);

-- Inserción 5
INSERT INTO bienestar_UN.PERFIL_DE_SALUD (perfsalud_id, perfsalud_peso, perfsalud_RH, perfsalud_estatura) VALUES 
(5, 72.9, 'A-', 1.78);

-- Inserción 6
INSERT INTO bienestar_UN.PERFIL_DE_SALUD (perfsalud_id, perfsalud_peso, perfsalud_RH, perfsalud_estatura) VALUES 
(6, 68.3, 'B+', 1.82);

-- Inserción 7
INSERT INTO bienestar_UN.PERFIL_DE_SALUD (perfsalud_id, perfsalud_peso, perfsalud_RH, perfsalud_estatura) VALUES 
(7, 75.6, 'O-', 1.70);

-- Inserción 8
INSERT INTO bienestar_UN.PERFIL_DE_SALUD (perfsalud_id, perfsalud_peso, perfsalud_RH, perfsalud_estatura) VALUES 
(8, 63.4, 'AB-', 1.65);

-- Inserción 9
INSERT INTO bienestar_UN.PERFIL_DE_SALUD (perfsalud_id, perfsalud_peso, perfsalud_RH, perfsalud_estatura) VALUES 
(9, 70.0, 'A+', 1.75);

-- Inserción 10
INSERT INTO bienestar_UN.PERFIL_DE_SALUD (perfsalud_id, perfsalud_peso, perfsalud_RH, perfsalud_estatura) VALUES 
(10, 68.7, 'B-', 1.80);

-- Inserción 11
INSERT INTO bienestar_UN.PERFIL_DE_SALUD (perfsalud_id, perfsalud_peso, perfsalud_RH, perfsalud_estatura) VALUES 
(11, 60.5, 'O+', 1.68);

-- Inserción 12
INSERT INTO bienestar_UN.PERFIL_DE_SALUD (perfsalud_id, perfsalud_peso, perfsalud_RH, perfsalud_estatura) VALUES 
(12, 70.2, 'AB+', 1.72);

-- Inserción 13
INSERT INTO bienestar_UN.PERFIL_DE_SALUD (perfsalud_id, perfsalud_peso, perfsalud_RH, perfsalud_estatura) VALUES 
(13, 74.3, 'A-', 1.78);

-- Inserción 14
INSERT INTO bienestar_UN.PERFIL_DE_SALUD (perfsalud_id, perfsalud_peso, perfsalud_RH, perfsalud_estatura) VALUES 
(14, 68.9, 'B+', 1.82);

-- Inserción 15
INSERT INTO bienestar_UN.PERFIL_DE_SALUD (perfsalud_id, perfsalud_peso, perfsalud_RH, perfsalud_estatura) VALUES 
(15, 80.2, 'O-', 1.70);

-- Inserción 16
INSERT INTO bienestar_UN.PERFIL_DE_SALUD (perfsalud_id, perfsalud_peso, perfsalud_RH, perfsalud_estatura) VALUES 
(16, 61.8, 'AB-', 1.65);

-- Inserción 17
INSERT INTO bienestar_UN.PERFIL_DE_SALUD (perfsalud_id, perfsalud_peso, perfsalud_RH, perfsalud_estatura) VALUES 
(17, 68.0, 'A+', 1.75);

-- Inserción 18
INSERT INTO bienestar_UN.PERFIL_DE_SALUD (perfsalud_id, perfsalud_peso, perfsalud_RH, perfsalud_estatura) VALUES 
(18, 66.3, 'B-', 1.80);

-- Inserción 19
INSERT INTO bienestar_UN.PERFIL_DE_SALUD (perfsalud_id, perfsalud_peso, perfsalud_RH, perfsalud_estatura) VALUES 
(19, 58.9, 'O+', 1.68);

-- Inserción 20
INSERT INTO bienestar_UN.PERFIL_DE_SALUD (perfsalud_id, perfsalud_peso, perfsalud_RH, perfsalud_estatura) VALUES 
(20, 63.2, 'AB+', 1.72);

-- Tabla: bienestar_UN.ESTUDIANTE

-- Inserción 1
INSERT INTO bienestar_UN.ESTUDIANTE (est_per_DNI, est_PBM, est_es_peama, est_es_paes, est_perfsalud_id)
VALUES (111111100, 76, 0, 0, 1);

-- Inserción 2
INSERT INTO bienestar_UN.ESTUDIANTE (est_per_DNI, est_PBM, est_es_peama, est_es_paes, est_perfsalud_id)
VALUES (111111101, 82, 1, 0, 2);

-- Inserción 3
INSERT INTO bienestar_UN.ESTUDIANTE (est_per_DNI, est_PBM, est_es_peama, est_es_paes, est_perfsalud_id)
VALUES (111111102, 93, 0, 1, 3);

-- Inserción 4
INSERT INTO bienestar_UN.ESTUDIANTE (est_per_DNI, est_PBM, est_es_peama, est_es_paes, est_perfsalud_id)
VALUES (111111103, 45, 1, 0, 4);

-- Inserción 5
INSERT INTO bienestar_UN.ESTUDIANTE (est_per_DNI, est_PBM, est_es_peama, est_es_paes, est_perfsalud_id)
VALUES (111111104, 67, 0, 0, 5);

-- Inserción 6
INSERT INTO bienestar_UN.ESTUDIANTE (est_per_DNI, est_PBM, est_es_peama, est_es_paes, est_perfsalud_id)
VALUES (111111105, 88, 0, 1, 6);

-- Inserción 7
INSERT INTO bienestar_UN.ESTUDIANTE (est_per_DNI, est_PBM, est_es_peama, est_es_paes, est_perfsalud_id)
VALUES (111111106, 72, 1, 0, 7);

-- Inserción 8
INSERT INTO bienestar_UN.ESTUDIANTE (est_per_DNI, est_PBM, est_es_peama, est_es_paes, est_perfsalud_id)
VALUES (111111107, 65, 0, 0, 8);

-- Inserción 9
INSERT INTO bienestar_UN.ESTUDIANTE (est_per_DNI, est_PBM, est_es_peama, est_es_paes, est_perfsalud_id)
VALUES (111111108, 80, 0, 1, 9);

-- Inserción 10
INSERT INTO bienestar_UN.ESTUDIANTE (est_per_DNI, est_PBM, est_es_peama, est_es_paes, est_perfsalud_id)
VALUES (111111109, 91, 0, 0, 10);

-- Inserción 11
INSERT INTO bienestar_UN.ESTUDIANTE (est_per_DNI, est_PBM, est_es_peama, est_es_paes, est_perfsalud_id)
VALUES (111111110, 53, 1, 0, 11);

-- Inserción 12
INSERT INTO bienestar_UN.ESTUDIANTE (est_per_DNI, est_PBM, est_es_peama, est_es_paes, est_perfsalud_id)
VALUES (111111111, 78, 0, 0, 12);

-- Inserción 13
INSERT INTO bienestar_UN.ESTUDIANTE (est_per_DNI, est_PBM, est_es_peama, est_es_paes, est_perfsalud_id)
VALUES (111111112, 86, 1, 0, 13);

-- Inserción 14
INSERT INTO bienestar_UN.ESTUDIANTE (est_per_DNI, est_PBM, est_es_peama, est_es_paes, est_perfsalud_id)
VALUES (111111113, 60, 0, 1, 14);

-- Inserción 15
INSERT INTO bienestar_UN.ESTUDIANTE (est_per_DNI, est_PBM, est_es_peama, est_es_paes, est_perfsalud_id)
VALUES (111111114, 75, 1, 0, 15);

-- Inserción 16
INSERT INTO bienestar_UN.ESTUDIANTE (est_per_DNI, est_PBM, est_es_peama, est_es_paes, est_perfsalud_id)
VALUES (111111115, 89, 0, 0, 16);

-- Inserción 17
INSERT INTO bienestar_UN.ESTUDIANTE (est_per_DNI, est_PBM, est_es_peama, est_es_paes, est_perfsalud_id)
VALUES (111111116, 47, 0, 1, 17);

-- Inserción 18
INSERT INTO bienestar_UN.ESTUDIANTE (est_per_DNI, est_PBM, est_es_peama, est_es_paes, est_perfsalud_id)
VALUES (111111117, 68, 1, 0, 18);

-- Inserción 19
INSERT INTO bienestar_UN.ESTUDIANTE (est_per_DNI, est_PBM, est_es_peama, est_es_paes, est_perfsalud_id)
VALUES (111111118, 92, 0, 0, 19);

-- Inserción 20
INSERT INTO bienestar_UN.ESTUDIANTE (est_per_DNI, est_PBM, est_es_peama, est_es_paes, est_perfsalud_id)
VALUES (111111119, 64, 0, 1, 20);

