-- bienestar_UN.PERSONA
-- Inserciones en la tabla bienestar_UN.PERSONA
-- TODAS LAS SIGUIENTES PERSONAS SON ESTUDIANTES
INSERT INTO bienestar_UN.PERSONA (per_DNI, per_tipo_de_documento, per_fecha_nacimiento, per_primer_nombre, per_segundo_nombre, per_primer_apellido, per_segundo_apellido, per_correo, per_telefono, per_sexo_biologico)
VALUES 
(111111100, 'CC', '1990-05-15 00:00:00', 'Juan', 'Pablo', 'González', 'Gómez', 'juanpablo@unal.edu.co', 3219876543, 'M'),
(111111101, 'CC', '1985-10-20 00:00:00', 'María', 'Isabel', 'Martínez', 'García', 'mariaisabel@gmail.com', 3001234567, 'F'),
(111111102, 'TI', '2004-04-07 00:00:00', 'Pedro', NULL, 'Sánchez', 'López', 'pedrosanchez@gmail.com', 3109876543, 'M'),
(111111103, 'TI', '2005-04-07 00:00:00', 'Ana', 'Lucía', 'Gutiérrez', 'Hernández', 'analucia@unal.edu.co', 3156789432, 'F'),
(111111104, 'CC', '1993-12-10 00:00:00', 'Carlos', 'Andrés', 'Rodríguez', 'Pérez', 'carlosandres@unal.edu.co', 3008765432, 'M'),
(111111105, 'TI', '2006-04-07 00:00:00', 'Laura', NULL, 'Díaz', 'Ramírez', 'laura@gmail.com', 3187654321, 'F'),
(111111106, 'CC', '1995-02-18 00:00:00', 'Javier', NULL, 'Martínez', 'Suárez', 'javier@unal.edu.co', 3109876543, 'M'),
(111111107, 'TI', '2007-04-07 00:00:00', 'Paula', 'Alejandra', 'García', 'Pérez', 'paulaalejandra@gmail.com', 3176543210, 'F'),
(111111108, 'TI', '2008-04-07 00:00:00', 'Andrés', 'Felipe', 'López', 'González', 'andresfelipe@unal.edu.co', 3009876543, 'M'),
(111111109, 'CC', '1994-06-05 00:00:00', 'Sofía', 'Camila', 'Hernández', 'Muñoz', 'sofiacamila@unal.edu.co', 3128765432, 'F'),
(111111110, 'CC', '1998-08-20 00:00:00', 'Luis', NULL, 'González', 'Rodríguez', 'luis@unal.edu.co', 3008765432, 'M'),
(111111111, 'TI', '2009-04-07 00:00:00', 'Elena', NULL, 'Pérez', 'Martínez', 'elena@gmail.com', 3187654321, 'F'),
(111111112, 'CC', '1996-11-12 00:00:00', 'Gabriel', NULL, 'Hernández', 'Gómez', 'gabriel@unal.edu.co', 3009876543, 'M'),
(111111113, 'TI', '2010-04-07 00:00:00', 'Camila', NULL, 'Rodríguez', 'López', 'camila@gmail.com', 3176543210, 'F'),
(111111114, 'CC', '1999-03-25 00:00:00', 'Alejandro', 'José', 'Gómez', 'Pérez', 'alejandro@unal.edu.co', 3123456789, 'M'),
(111111115, 'TI', '2011-04-07 00:00:00', 'Laura', 'María', 'Ramírez', 'García', 'lauramaria@gmail.com', 3234567890, 'F'),
(111111116, 'CC', '1992-07-30 00:00:00', 'Fernando', NULL, 'Martínez', 'Gómez', 'fernando@unal.edu.co', 3101234567, 'M'),
(111111117, 'TI', '2012-04-07 00:00:00', 'Sara', NULL, 'López', 'Hernández', 'sara@gmail.com', 3187654321, 'F'),
(111111118, 'CC', '1995-02-18 00:00:00', 'Diego', NULL, 'González', 'Martínez', 'diego@unal.edu.co', 3109876543, 'M'),
(111111119, 'TI', '2013-04-07 00:00:00', 'Luisa', NULL, 'Pérez', 'Gómez', 'luisa@gmail.com', 3176543210, 'F'),
(111111120, 'CC', '1991-07-08 00:00:00', 'Andrea', 'Carolina', 'Gómez', 'Hernández', 'andreacarolina@gmail.com', 3123456789, 'F'),
(111111121, 'TI', '2014-04-07 00:00:00', 'David', NULL, 'Ramírez', 'Martínez', 'david@gmail.com', 3234567890, 'M'),
(111111122, 'CC', '1996-05-15 00:00:00', 'Sofía', NULL, 'Hernández', 'García', 'sofia@gmail.com', 3101234567, 'F'),
(111111123, 'TI', '2015-04-07 00:00:00', 'Diego', 'Andrés', 'García', 'Muñoz', 'diegoandres@gmail.com', 3187654321, 'M'),
(111111124, 'CC', '1992-11-20 00:00:00', 'Valentina', 'Isabel', 'Muñoz', 'Pérez', 'valentina@gmail.com', 3109876543, 'F'),
(111111125, 'TI', '2016-04-07 00:00:00', 'Andrés', NULL, 'Hernández', 'Gómez', 'andres@gmail.com', 3176543210, 'M'),
(111111126, 'CC', '1997-04-18 00:00:00', 'Laura', NULL, 'Martínez', 'López', 'laura@gmail.com', 3123456789, 'F'),
(111111127, 'TI', '2017-04-07 00:00:00', 'Carlos', NULL, 'Gómez', 'Hernández', 'carlos@gmail.com', 3234567890, 'M'),
(111111128, 'CC', '1993-09-25 00:00:00', 'Isabella', 'Sofía', 'Hernández', 'García', 'isabella@gmail.com', 3101234567, 'F'),
(111111129, 'TI', '2018-04-07 00:00:00', 'Gabriel', 'Alejandro', 'Gómez', 'Pérez', 'gabriel@gmail.com', 3187654321, 'M'),
(111111130, 'CC', '1998-02-10 00:00:00', 'María', NULL, 'Muñoz', 'Gómez', 'maria@gmail.com', 3109876543, 'F'),
(111111131, 'TI', '2019-04-07 00:00:00', 'Juan', 'Pablo', 'López', 'Hernández', 'juanpablo@gmail.com', 3176543210, 'M'),
(111111132, 'CC', '1994-08-15 00:00:00', 'Camila', 'Andrea', 'García', 'Muñoz', 'camila@gmail.com', 3123456789, 'F'),
(111111133, 'TI', '2020-04-07 00:00:00', 'Fernando', NULL, 'Gómez', 'Martínez', 'fernando@gmail.com', 3234567890, 'M'),
(111111134, 'CC', '1990-06-20 00:00:00', 'Valeria', NULL, 'Hernández', 'Gómez', 'valeria@gmail.com', 3101234567, 'F'),
(111111135, 'TI', '2021-04-07 00:00:00', 'Luis', NULL, 'Muñoz', 'Pérez', 'luis@gmail.com', 3187654321, 'M'),
(111111136, 'CC', '1995-03-25 00:00:00', 'Julieta', 'María', 'Gómez', 'Hernández', 'julieta@gmail.com', 3123456789, 'F'),
(111111137, 'TI', '2022-04-07 00:00:00', 'David', NULL, 'Martínez', 'García', 'david@gmail.com', 3234567890, 'M'),
(111111138, 'CC', '1991-01-10 00:00:00', 'Santiago', NULL, 'Muñoz', 'Gómez', 'santiago@gmail.com', 3101234567, 'M'),
(111111139, 'TI', '2023-04-07 00:00:00', 'Valentina', 'María', 'Hernández', 'Muñoz', 'valentina@gmail.com', 3176543210, 'F'),
(111111140, 'CC', '1996-10-15 00:00:00', 'Juan', 'Andrés', 'Martínez', 'Gómez', 'juan@gmail.com', 3123456789, 'M'),
(111111141, 'TI', '2024-04-07 00:00:00', 'María', NULL, 'Muñoz', 'Hernández', 'maria@gmail.com', 3234567890, 'F'),
(111111142, 'CC', '1992-07-20 00:00:00', 'Andrea', NULL, 'Gómez', 'Martínez', 'andrea@gmail.com', 3101234567, 'F'),
(111111143, 'TI', '2025-04-07 00:00:00', 'Felipe', NULL, 'Martínez', 'Gómez', 'felipe@gmail.com', 3187654321, 'M'),
(111111144, 'CC', '1997-04-25 00:00:00', 'Carolina', NULL, 'Muñoz', 'Gómez', 'carolina@gmail.com', 3123456789, 'F'),
(111111145, 'TI', '2026-04-07 00:00:00', 'Lucas', NULL, 'Gómez', 'Martínez', 'lucas@gmail.com', 3234567890, 'M'),
(111111146, 'CC', '1993-11-30 00:00:00', 'Isabella', 'María', 'Martínez', 'Gómez', 'isabella@gmail.com', 3101234567, 'F'),
(111111147, 'TI', '2027-04-07 00:00:00', 'José', NULL, 'Muñoz', 'Hernández', 'jose@gmail.com', 3176543210, 'M'),
(111111148, 'CC', '1998-08-05 00:00:00', 'Valeria', NULL, 'Gómez', 'Hernández', 'valeria@gmail.com', 3123456789, 'F'),
(111111149, 'TI', '2028-04-07 00:00:00', 'Mariana', NULL, 'Martínez', 'Muñoz', 'mariana@gmail.com', 3234567890, 'F'),
(111111150, 'CC', '1994-05-10 00:00:00', 'Sebastián', NULL, 'Gómez', 'Martínez', 'sebastian@gmail.com', 3101234567, 'M'),
(111111151, 'TI', '2029-04-07 00:00:00', 'Alejandra', NULL, 'Muñoz', 'Gómez', 'alejandra@gmail.com', 3187654321, 'F'),
(111111152, 'CC', '1990-12-15 00:00:00', 'Daniel', NULL, 'Martínez', 'Hernández', 'daniel@gmail.com', 3123456789, 'M'),
(111111153, 'TI', '2030-04-07 00:00:00', 'Valentina', NULL, 'Gómez', 'Martínez', 'valentina@gmail.com', 3234567890, 'F'),
(111111154, 'CC', '1995-09-20 00:00:00', 'Julián', NULL, 'Muñoz', 'Hernández', 'julian@gmail.com', 3101234567, 'M'),
(111111155, 'TI', '2031-04-07 00:00:00', 'Ana', NULL, 'Martínez', 'Gómez', 'ana@gmail.com', 3176543210, 'F'),
(111111156, 'CC', '1991-04-25 00:00:00', 'Diego', NULL, 'Gómez', 'Hernández', 'diego@gmail.com', 3123456789, 'M'),
(111111157, 'TI', '2032-04-07 00:00:00', 'María', NULL, 'Muñoz', 'Martínez', 'maria@gmail.com', 3234567890, 'F'),
(111111158, 'CC', '1996-11-30 00:00:00', 'Santiago', NULL, 'Gómez', 'Muñoz', 'santiago@gmail.com', 3101234567, 'M'),
(111111159, 'TI', '2033-04-07 00:00:00', 'Valeria', NULL, 'Martínez', 'Gómez', 'valeria@gmail.com', 3187654321, 'F'),
(111111160, 'CC', '1992-08-05 00:00:00', 'Camilo', NULL, 'Muñoz', 'Hernández', 'camilo@gmail.com', 3123456789, 'M');

-- TODAS LAS SIGUIENTES PERSONAS SON DOCENTES
INSERT INTO bienestar_UN.PERSONA (per_DNI, per_tipo_de_documento, per_fecha_nacimiento, per_primer_nombre, per_segundo_nombre, per_primer_apellido, per_segundo_apellido, per_direccion, per_correo, per_telefono, per_sexo_biologico) VALUES 
(200000000, 'CC', '1995-04-20 00:00:00', 'Juan', 'Manuel', 'García', 'Pérez', 'Calle 123', 'juan@gmail.com', 3216549870, 'M'),
(200000001, 'CC', '1990-10-03 00:00:00', 'Pedro', 'José', 'Gómez', 'González', 'Avenida 678', 'pedro@gmail.com', 3109876541, 'M'),
(200000002, 'CC', '1987-12-25 00:00:00', 'Andrés', NULL, 'Martínez', 'Gómez', 'Carrera 21', 'andres@gmail.com', 3187654321, 'M'),
(200000003, 'CC', '1976-09-18 00:00:00', 'Carlos', 'Alberto', 'Hernández', 'López', 'Avenida 753', 'carlos@gmail.com', 3209876541, 'M'),
(200000004, 'CC', '1983-06-07 00:00:00', 'Ana', 'María', 'Díaz', 'Pérez', 'Carrera 147', 'ana@gmail.com', 3165487932, 'F'),
(200000005, 'CC', '1993-08-14 00:00:00', 'Javier', 'Andrés', 'Pérez', 'Martínez', 'Calle 753', 'javier@gmail.com', 3159874123, 'M'),
(200000006, 'CC', '1985-05-06 00:00:00', 'Sofía', NULL, 'Ramírez', 'López', 'Carrera 159', 'sofia@gmail.com', 3196547823, 'F'),
(200000007, 'CC', '1980-02-28 00:00:00', 'Diego', NULL, 'Fernández', 'Gómez', 'Carrera 753', 'diego@gmail.com', 3125487963, 'M'),
(200000008, 'CC', '1972-06-30 00:00:00', 'Luisa', NULL, 'Pérez', 'Gómez', 'Carrera 159', 'luisa@gmail.com', 3102589632, 'F'),
(200000009, 'CC', '1976-09-18 00:00:00', 'Carlos', 'Alberto', 'Hernández', 'López', 'Avenida 753', 'carlos@gmail.com', 3209876541, 'M'),
(200000010, 'CC', '1983-06-07 00:00:00', 'Ana', 'María', 'Díaz', 'Pérez', 'Carrera 147', 'ana@gmail.com', 3165487932, 'F'),
(200000011, 'CC', '1993-08-14 00:00:00', 'Javier', 'Andrés', 'Pérez', 'Martínez', 'Calle 753', 'javier@gmail.com', 3159874123, 'M'),
(200000012, 'CC', '1985-05-06 00:00:00', 'Sofía', NULL, 'Ramírez', 'López', 'Carrera 159', 'sofia@gmail.com', 3196547823, 'F'),
(200000013, 'CC', '1980-02-28 00:00:00', 'Diego', NULL, 'Fernández', 'Gómez', 'Carrera 753', 'diego@gmail.com', 3125487963, 'M'),
(200000014, 'CC', '1972-06-30 00:00:00', 'Luisa', NULL, 'Pérez', 'Gómez', 'Carrera 159', 'luisa@gmail.com', 3102589632, 'F'),
(200000015, 'CC', '1983-06-07 00:00:00', 'Ana', 'María', 'Díaz', 'Pérez', 'Carrera 147', 'ana@gmail.com', 3165487932, 'F'),
(200000016, 'CC', '1993-08-14 00:00:00', 'Javier', 'Andrés', 'Pérez', 'Martínez', 'Calle 753', 'javier@gmail.com', 3159874123, 'M'),
(200000017, 'CC', '1985-05-06 00:00:00', 'Sofía', NULL, 'Ramírez', 'López', 'Carrera 159', 'sofia@gmail.com', 3196547823, 'F'),
(200000018, 'CC', '1980-02-28 00:00:00', 'Diego', NULL, 'Fernández', 'Gómez', 'Carrera 753', 'diego@gmail.com', 3125487963, 'M'),
(200000019, 'CC', '1972-06-30 00:00:00', 'Luisa', NULL, 'Pérez', 'Gómez', 'Carrera 159', 'luisa@gmail.com', 3102589632, 'F');

-- TODAS LAS SIGUIENTES PERSONAS SON FUNCIONARIOS
INSERT INTO bienestar_UN.PERSONA (per_DNI, per_tipo_de_documento, per_fecha_nacimiento, per_primer_nombre, per_segundo_nombre, per_primer_apellido, per_segundo_apellido, per_direccion, per_correo, per_telefono, per_sexo_biologico) VALUES 
(200000020, 'CC', '1988-09-15 00:00:00', 'Gabriel', 'Alejandro', 'González', 'Pérez', 'Carrera 753', 'gabriel@gmail.com', 3102589632, 'M'),
(200000021, 'CC', '1975-11-22 00:00:00', 'Verónica', NULL, 'Hernández', 'Gómez', 'Calle 159', 'veronica@gmail.com', 3196547823, 'F'),
(200000022, 'CC', '1992-07-08 00:00:00', 'Fernando', 'José', 'López', 'Martínez', 'Carrera 456', 'fernando@gmail.com', 3125487963, 'M'),
(200000023, 'CC', '1983-04-30 00:00:00', 'Luisa', 'María', 'Martínez', 'García', 'Avenida 963', 'luisamaria@gmail.com', 3165487932, 'F'),
(200000024, 'CC', '1990-12-05 00:00:00', 'Carlos', NULL, 'Gómez', 'López', 'Carrera 987', 'carlos@gmail.com', 3159874123, 'M'),
(200000025, 'CC', '1988-02-18 00:00:00', 'Andrea', 'Carolina', 'Ramírez', 'Hernández', 'Calle 753', 'andrea@gmail.com', 3196547823, 'F'),
(200000026, 'CC', '1979-05-25 00:00:00', 'David', NULL, 'Hernández', 'Gómez', 'Avenida 456', 'david@gmail.com', 3125487963, 'M'),
(200000027, 'CC', '1985-09-10 00:00:00', 'Laura', 'Isabel', 'Gómez', 'Martínez', 'Carrera 852', 'laura@gmail.com', 3165487932, 'F'),
(200000028, 'CC', '1996-08-14 00:00:00', 'Santiago', NULL, 'Martínez', 'Gómez', 'Calle 159', 'santiago@gmail.com', 3159874123, 'M'),
(200000029, 'CC', '1987-04-20 00:00:00', 'María', 'José', 'López', 'Hernández', 'Carrera 987', 'maria@gmail.com', 3196547823, 'F'),
(200000030, 'CC', '1994-11-05 00:00:00', 'Alejandro', 'Andrés', 'Ramírez', 'López', 'Calle 753', 'alejandro@gmail.com', 3196547823, 'M'),
(200000031, 'CC', '1983-06-27 00:00:00', 'Isabella', NULL, 'Gómez', 'Pérez', 'Avenida 456', 'isabella@gmail.com', 3125487963, 'F'),
(200000032, 'CC', '1989-10-18 00:00:00', 'Juan', 'Pablo', 'Hernández', 'Martínez', 'Carrera 852', 'juan@gmail.com', 3165487932, 'M'),
(200000033, 'CC', '1998-03-07 00:00:00', 'Camila', 'Andrea', 'Martínez', 'Gómez', 'Calle 159', 'camila@gmail.com', 3159874123, 'F'),
(200000034, 'CC', '1977-08-23 00:00:00', 'Pedro', NULL, 'Gómez', 'Hernández', 'Carrera 987', 'pedro@gmail.com', 3196547823, 'M');

-- TODAS LAS SIGUIENTES PERSONAS SON DOCENTES EXTRACURRICULARES
INSERT INTO bienestar_UN.PERSONA (per_DNI, per_tipo_de_documento, per_fecha_nacimiento, per_primer_nombre, per_segundo_nombre, per_primer_apellido, per_segundo_apellido, per_direccion, per_correo, per_telefono, per_sexo_biologico) VALUES 
(200000035, 'CC', '1990-05-12', 'María', 'Fernanda', 'González', 'Pérez', 'Carrera 24', 'maria@gmail.com', 3115487231, 'F'),
(200000036, 'CC', '1988-03-18', 'José', 'Luis', 'Martínez', 'Gómez', 'Calle 45', 'jose@gmail.com', 3156987423, 'M'),
(200000037, 'CC', '1995-09-30', 'Camila', 'Andrea', 'Hernández', 'López', 'Avenida 34', 'camila@gmail.com', 3205487231, 'F'),
(200000038, 'CC', '1982-07-24', 'Juan', 'Esteban', 'Díaz', 'Pérez', 'Carrera 56', 'juan@gmail.com', 3106987423, 'M'),
(200000039, 'CC', '1998-11-14', 'Laura', 'Valentina', 'Ramírez', 'Gómez', 'Calle 78', 'laura@gmail.com', 3185487231, 'F'),
(200000040, 'CC', '1987-01-08', 'Andrés', 'Felipe', 'Fernández', 'López', 'Avenida 90', 'andres@gmail.com', 3146987423, 'M'),
(200000041, 'CC', '1993-04-20', 'Juliana', 'María', 'Gómez', 'Pérez', 'Carrera 23', 'juliana@gmail.com', 3115487231, 'F'),
(200000042, 'CC', '1989-12-01', 'Carlos', 'Alberto', 'Hernández', 'Gómez', 'Calle 56', 'carlos@gmail.com', 3176987423, 'M'),
(200000043, 'CC', '1996-08-05', 'Sara', 'Alejandra', 'Martínez', 'López', 'Avenida 78', 'sara@gmail.com', 3135487231, 'F'),
(200000044, 'CC', '1984-10-30', 'David', 'Andrés', 'Díaz', 'Pérez', 'Carrera 45', 'david@gmail.com', 3196987423, 'M');


-- Inserciones bienestar_UN.PERFIL_DE_SALUD
INSERT INTO bienestar_UN.PERFIL_DE_SALUD (perfsalud_id, perfsalud_peso, perfsalud_RH, perfsalud_estatura) VALUES 
(1, 65.5, 'A+', 1.75),
(2, 70.2, 'B-', 1.80),
(3, 55.8, 'O+', 1.68),
(4, 60.0, 'AB+', 1.72),
(5, 72.9, 'A-', 1.78),
(6, 68.3, 'B+', 1.82),
(7, 75.6, 'O-', 1.70),
(8, 63.4, 'AB-', 1.65),
(9, 70.0, 'A+', 1.75),
(10, 68.7, 'B-', 1.80),
(11, 60.5, 'O+', 1.68),
(12, 70.2, 'AB+', 1.72),
(13, 74.3, 'A-', 1.78),
(14, 68.9, 'B+', 1.82),
(15, 80.2, 'O-', 1.70),
(16, 61.8, 'AB-', 1.65),
(17, 68.0, 'A+', 1.75),
(18, 66.3, 'B-', 1.80),
(19, 58.9, 'O+', 1.68),
(20, 63.2, 'AB+', 1.72),
(21, 70.8, 'A-', 1.78),
(22, 68.1, 'B+', 1.82),
(23, 76.5, 'O-', 1.70),
(24, 64.6, 'AB-', 1.65),
(25, 69.2, 'A+', 1.75),
(26, 67.5, 'B-', 1.80),
(27, 59.8, 'O+', 1.68),
(28, 61.3, 'AB+', 1.72),
(29, 73.1, 'A-', 1.78),
(30, 69.5, 'B+', 1.82),
(31, 78.4, 'O-', 1.70),
(32, 66.8, 'AB-', 1.65),
(33, 71.0, 'A+', 1.75),
(34, 65.9, 'B-', 1.80),
(35, 57.2, 'O+', 1.68),
(36, 62.7, 'AB+', 1.72),
(37, 76.8, 'A-', 1.78),
(38, 70.3, 'B+', 1.82),
(39, 79.6, 'O-', 1.70),
(40, 64.5, 'AB-', 1.65),
(41, 67.8, 'A+', 1.75),
(42, 64.1, 'B-', 1.80),
(43, 56.5, 'O+', 1.68),
(44, 61.8, 'AB+', 1.72),
(45, 74.2, 'A-', 1.78),
(46, 71.7, 'B+', 1.82),
(47, 80.3, 'O-', 1.70),
(48, 63.9, 'AB-', 1.65),
(49, 68.2, 'A+', 1.75),
(50, 66.5, 'B-', 1.80),
(51, 58.8, 'O+', 1.68),
(52, 63.1, 'AB+', 1.72),
(53, 77.4, 'A-', 1.78),
(54, 72.8, 'B+', 1.82),
(55, 81.5, 'O-', 1.70),
(56, 62.4, 'AB-', 1.65),
(57, 69.3, 'A+', 1.75),
(58, 67.1, 'B-', 1.80),
(59, 59.6, 'O+', 1.68),
(60, 64.2, 'AB+', 1.72);



-- Inserciones: bienestar_UN.ESTUDIANTE
INSERT INTO bienestar_UN.ESTUDIANTE (est_per_DNI, est_PBM, est_es_peama, est_es_paes, est_perfsalud_id) VALUES 
(111111100, 76, 0, 0, 1),
(111111101, 82, 1, 0, 2),
(111111102, 93, 0, 1, 3),
(111111103, 45, 1, 0, 4),
(111111104, 67, 0, 0, 5),
(111111105, 88, 0, 1, 6),
(111111106, 72, 1, 0, 7),
(111111107, 65, 0, 0, 8),
(111111108, 80, 0, 1, 9),
(111111109, 91, 0, 0, 10),
(111111110, 53, 1, 0, 11),
(111111111, 78, 0, 0, 12),
(111111112, 86, 1, 0, 13),
(111111113, 60, 0, 1, 14),
(111111114, 75, 1, 0, 15),
(111111115, 89, 0, 0, 16),
(111111116, 47, 0, 1, 17),
(111111117, 68, 1, 0, 18),
(111111118, 92, 0, 0, 19),
(111111119, 64, 0, 1, 20),
(111111120, 75, 0, 0, 21),
(111111121, 83, 1, 0, 22),
(111111122, 92, 0, 1, 23),
(111111123, 44, 1, 0, 24),
(111111124, 66, 0, 0, 25),
(111111125, 87, 0, 1, 26),
(111111126, 71, 1, 0, 27),
(111111127, 64, 0, 0, 28),
(111111128, 79, 0, 1, 29),
(111111129, 90, 0, 0, 30),
(111111130, 52, 1, 0, 31),
(111111131, 77, 0, 0, 32),
(111111132, 85, 1, 0, 33),
(111111133, 59, 0, 1, 34),
(111111134, 74, 1, 0, 35),
(111111135, 88, 0, 0, 36),
(111111136, 46, 0, 1, 37),
(111111137, 67, 1, 0, 38),
(111111138, 93, 0, 0, 39),
(111111139, 63, 0, 1, 40),
(111111140, 76, 0, 0, 41),
(111111141, 84, 1, 0, 42),
(111111142, 91, 0, 1, 43),
(111111143, 43, 1, 0, 44),
(111111144, 65, 0, 0, 45),
(111111145, 86, 0, 1, 46),
(111111146, 70, 1, 0, 47),
(111111147, 63, 0, 0, 48),
(111111148, 78, 0, 1, 49),
(111111149, 89, 0, 0, 50),
(111111150, 51, 1, 0, 51),
(111111151, 76, 0, 0, 52),
(111111152, 83, 1, 0, 53),
(111111153, 92, 0, 1, 54),
(111111154, 44, 1, 0, 55),
(111111155, 66, 0, 0, 56),
(111111156, 87, 0, 1, 57),
(111111157, 71, 1, 0, 58),
(111111158, 64, 0, 0, 59),
(111111159, 79, 0, 1, 60);


-- INSERCIONES: FUNCIONARIO
INSERT INTO bienestar_UN.FUNCIONARIO (fun_per_id) VALUES 
(200000020),
(200000021),
(200000022),
(200000023),
(200000024),
(200000025),
(200000026),
(200000027),
(200000028),
(200000029),
(200000030),
(200000031),
(200000032),
(200000033),
(200000034);

-- Facultades
INSERT INTO bienestar_UN.FACULTAD (fac_id, fac_nombre) VALUES 
(1, 'Facultad de Ingeniería'),
(2, 'Facultad de Artes'),
(3, 'Facultad de Ciencias Agrarias'),
(4, 'Facultad de Enfermería'),
(5, 'Facultad de Derecho, Ciencias Políticas y Sociales'),
(6, 'Facultad de Ciencias Humanas'),
(7, 'Facultad de Ciencias'),
(8, 'Facultad de Ciencias Económicas'),
(9, 'Facultad de Medicina'),
(10, 'Facultad de Odontología'),
(11, 'Facultad de Medicina Veterinaria y de Zootecnia');

-- Departamentos: Facultad de Ingeniería
INSERT INTO bienestar_UN.DEPARTAMENTO (dep_id, dep_nombre, dep_fac_id) VALUES 
(1, 'Departamento de Ingeniería Civil y Agrícola', 1),
(2, 'Departamento de Ingeniería de Sistemas e Industrial', 1),
(3, 'Departamento de Ingeniería Eléctrica y Electrónica', 1),
(4, 'Departamento de Ingeniería Mecánica y Mecatrónica', 1),
(5, 'Departamento de Ingeniería Química y Ambiental', 1),
(6, 'Instituto de Investigación y Extensión', 1);


-- DOCENTES ACADÉMICOS DE LA FACULTAD DE INGENIERÍA:
-- TODAS LAS SIGUIENTES PERSONAS SON DOCENTES
INSERT INTO bienestar_UN.DOCENTE (doc_per_DNI, doc_biografia, doc_dep_id) VALUES 
(200000000, 'Ingeniero civil con experiencia en proyectos de infraestructura vial.', 1),
(200000001, 'Experto en sistemas de información empresarial con más de 10 años de experiencia en consultoría tecnológica.', 2),
(200000002, 'Ingeniero eléctrico especializado en sistemas de control automático.', 3),
(200000003, 'Ingeniero mecánico con experiencia en diseño y manufactura de componentes mecánicos.', 4),
(200000004, 'Ingeniera química con experiencia en procesos de tratamiento de aguas residuales.', 5),
(200000005, 'Experto en sistemas de información empresarial con más de 10 años de experiencia en consultoría tecnológica.', 2),
(200000006, 'Ingeniera eléctrica con interés en investigación de sistemas de energía renovable.', 3),
(200000007, 'Ingeniero mecánico con experiencia en diseño y manufactura de componentes mecánicos.', 4),
(200000008, 'Ingeniera química con experiencia en procesos de tratamiento de aguas residuales.', 5),
(200000009, 'Ingeniero civil con experiencia en proyectos de infraestructura vial.', 1),
(200000010, 'Experto en sistemas de información empresarial con más de 10 años de experiencia en consultoría tecnológica.', 2),
(200000011, 'Ingeniero eléctrico especializado en sistemas de control automático.', 3),
(200000012, 'Ingeniero mecánico con experiencia en diseño y manufactura de componentes mecánicos.', 4),
(200000013, 'Ingeniera química con experiencia en procesos de tratamiento de aguas residuales.', 5),
(200000014, 'Experto en sistemas de información empresarial con más de 10 años de experiencia en consultoría tecnológica.', 2),
(200000015, 'Ingeniera eléctrica con interés en investigación de sistemas de energía renovable.', 3),
(200000016, 'Ingeniero mecánico con experiencia en diseño y manufactura de componentes mecánicos.', 4),
(200000017, 'Ingeniera química con experiencia en procesos de tratamiento de aguas residuales.', 5),
(200000018, 'Ingeniero civil con experiencia en proyectos de infraestructura vial.', 1),
(200000019, 'Experto en sistemas de información empresarial con más de 10 años de experiencia en consultoría tecnológica.', 2);


-- DOCENTES ACTIVIDADES EXTRACURRICULARES
INSERT INTO bienestar_UN.DOCENTE_ACTIVIDAD_EXTRACURRICULAR (doc_per_id) VALUES 
(200000035),
(200000036),
(200000037),
(200000038),
(200000039),
(200000040),
(200000041),
(200000042),
(200000043),
(200000044);

-- Asignaturas: Departamento de Ingeniería de sistemas y computación
INSERT INTO bienestar_UN.ASIGNATURA (asi_codigo, asi_nombre, asi_numero_de_creditos, asi_dep_id) VALUES 
(1, 'Sistemas Operativos', 3, 2),
(2, 'Bases de Datos', 3, 2),
(3, 'Ingeniería de Software I', 3, 2),
(4, 'Inteligencia Artificial', 4, 2),
(5, 'Ingeniería de Software II', 3, 2),
(6, 'Elementos de computadores', 3, 2),
(7, 'Redes de Computadores', 4, 2),
(8, 'Algoritmos', 4, 2),
(9, 'Sistemas Distribuidos', 4, 2),
(10, 'Programación Orientada a Objetos', 3, 2),
(11, 'Pensamiento sistemico', 3, 2),
(12, 'Gestión de Proyectos', 3, 2),
(13, 'Introducción a la Ingeniería de Sistemas', 3, 2),
(14, 'Métodos númericos', 3, 2),
(15, 'Big Data', 4, 2);

-- Programas académicos: Creados con pro_codigo de 1 a 9.
INSERT INTO bienestar_UN.PROGRAMA_CURRICULAR (pro_nombre, pro_numero_de_creditos, pro_dep_id) VALUES 
('Ingeniería Agrícola', 160, 1),
('Ingeniería Civil', 160, 1),
('Ingeniería de Sistemas y Computación', 165, 2),
('Ingeniería Eléctrica', 160, 3),
('Ingeniería Electrónica', 189, 3),
('Ingeniería Industrial', 170, 2),
('Ingeniería Mecánica', 180, 4),
('Ingeniería Mecatrónica', 179, 4),
('Ingeniería Química', 160, 5);

INSERT INTO bienestar_UN.HISTORIA_ACADEMICA (hist_codigo, hist_es_activa, hist_pro_codigo, hist_est_per_DNI) VALUES 
-- Estudiantes de 111111100 a 111111119
(1, 1, 3, 111111100),
(2, 1, 3, 111111101),
(3, 1, 3, 111111102),
(4, 1, 3, 111111103),
(5, 1, 3, 111111104),
(6, 1, 3, 111111105),
(7, 1, 3, 111111106),
(8, 1, 3, 111111107),
(9, 1, 3, 111111108),
(10, 1, 3, 111111109),
(11, 1, 3, 111111110),
(12, 1, 3, 111111111),
(13, 1, 3, 111111112),
(14, 1, 3, 111111113),
(15, 1, 3, 111111114),
(16, 1, 3, 111111115),
(17, 1, 3, 111111116),
(18, 1, 3, 111111117),
(19, 1, 3, 111111118),
(20, 1, 3, 111111119),
-- Estudiantes de 111111120 a 111111139
(21, 1, 3, 111111120),
(22, 1, 3, 111111121),
(23, 1, 3, 111111122),
(24, 1, 3, 111111123),
(25, 1, 3, 111111124),
(26, 1, 3, 111111125),
(27, 1, 3, 111111126),
(28, 1, 3, 111111127),
(29, 1, 3, 111111128),
(30, 1, 3, 111111129),
(31, 1, 3, 111111130),
(32, 1, 3, 111111131),
(33, 1, 3, 111111132),
(34, 1, 3, 111111133),
(35, 1, 3, 111111134),
(36, 1, 3, 111111135),
(37, 1, 3, 111111136),
(38, 1, 3, 111111137),
(39, 1, 3, 111111138),
(40, 1, 3, 111111139),
-- Estudiantes de 111111140 a 111111159
(41, 1, 3, 111111140),
(42, 1, 3, 111111141),
(43, 1, 3, 111111142),
(44, 1, 3, 111111143),
(45, 1, 3, 111111144),
(46, 1, 3, 111111145),
(47, 1, 3, 111111146),
(48, 1, 3, 111111147),
(49, 1, 3, 111111148),
(50, 1, 3, 111111149),
(51, 1, 3, 111111150),
(52, 1, 3, 111111151),
(53, 1, 3, 111111152),
(54, 1, 3, 111111153),
(55, 1, 3, 111111154),
(56, 1, 3, 111111155),
(57, 1, 3, 111111156),
(58, 1, 3, 111111157),
(59, 1, 3, 111111158),
(60, 1, 3, 111111159);

-- Asignaturas cursadas por estudiantes los estudiantes de historia academica 1 a 60:
INSERT INTO bienestar_UN.ASIGNATURA_CURSADA (asic_id, asic_nota_final, asic_periodo_academico, asic_hist_codigo, asic_asi_codigo) VALUES 
(1, 3.5, '2015-1', 1, 1),
(2, 4.0, '2015-1', 2, 2),
(3, 3.7, '2015-1', 3, 3),
(4, 4.2, '2015-1', 4, 4),
(5, 3.9, '2015-1', 5, 5),
(6, 4.1, '2015-1', 6, 6),
(7, 3.8, '2015-1', 7, 7),
(8, 4.3, '2015-1', 8, 8),
(9, 3.6, '2015-1', 9, 9),
(10, 4.5, '2015-1', 10, 10),
(11, 3.7, '2015-1', 11, 11),
(12, 4.0, '2015-1', 12, 12),
(13, 3.9, '2015-1', 13, 13),
(14, 4.2, '2015-1', 14, 14),
(15, 3.8, '2015-1', 15, 15),
(16, 4.1, '2015-2', 16, 1),
(17, 3.7, '2015-2', 17, 2),
(18, 4.5, '2015-2', 18, 3),
(19, 4.0, '2015-2', 19, 4),
(20, 4.3, '2015-2', 20, 5),
(21, 3.9, '2015-2', 21, 6),
(22, 4.4, '2015-2', 22, 7),
(23, 3.9, '2015-2', 23, 8),
(24, 4.2, '2015-2', 24, 9),
(25, 3.8, '2015-2', 25, 10),
(26, 4.1, '2015-2', 26, 11),
(27, 3.7, '2015-2', 27, 12),
(28, 4.5, '2015-2', 28, 13),
(29, 4.0, '2015-2', 29, 14),
(30, 4.3, '2015-2', 30, 15),
(31, 3.9, '2016-1', 31, 1),
(32, 4.2, '2016-1', 32, 2),
(33, 3.8, '2016-1', 33, 3),
(34, 4.1, '2016-1', 34, 4),
(35, 3.7, '2016-1', 35, 5),
(36, 4.5, '2016-1', 36, 6),
(37, 4.0, '2016-1', 37, 7),
(38, 4.3, '2016-1', 38, 8),
(39, 3.9, '2016-1', 39, 9),
(40, 4.2, '2016-1', 40, 10),
(41, 3.8, '2016-1', 41, 11),
(42, 4.1, '2016-1', 42, 12),
(43, 3.7, '2016-1', 43, 13),
(44, 4.5, '2016-1', 44, 14),
(45, 4.0, '2016-1', 45, 15),
(46, 4.3, '2016-2', 46, 1),
(47, 3.9, '2016-2', 47, 2),
(48, 4.2, '2016-2', 48, 3),
(49, 3.8, '2016-2', 49, 4),
(50, 4.1, '2016-2', 50, 5),
(51, 3.7, '2016-2', 51, 6),
(52, 4.5, '2016-2', 52, 7),
(53, 4.0, '2016-2', 53, 8),
(54, 4.3, '2016-2', 54, 9),
(55, 3.9, '2016-2', 55, 10),
(56, 4.2, '2016-2', 56, 11),
(57, 3.8, '2016-2', 57, 12),
(58, 4.1, '2016-2', 58, 13),
(59, 3.7, '2016-2', 59, 14),
(60, 4.5, '2016-2', 60, 15),
(61, 4.0, '2017-1', 1, 1),
(62, 4.2, '2017-1', 2, 2),
(63, 3.8, '2017-1', 3, 3),
(64, 4.1, '2017-1', 4, 4),
(65, 3.7, '2017-1', 5, 5),
(66, 4.5, '2017-1', 6, 6),
(67, 4.0, '2017-1', 7, 7),
(68, 4.3, '2017-1', 8, 8),
(69, 3.9, '2017-1', 9, 9),
(70, 4.2, '2017-1', 10, 10),
(71, 3.8, '2017-1', 11, 11),
(72, 4.1, '2017-1', 12, 12),
(73, 3.7, '2017-1', 13, 13),
(74, 4.5, '2017-1', 14, 14),
(75, 4.0, '2017-1', 15, 15),
(76, 4.3, '2017-2', 16, 1),
(77, 3.9, '2017-2', 17, 2),
(78, 4.2, '2017-2', 18, 3),
(79, 3.8, '2017-2', 19, 4),
(80, 4.1, '2017-2', 20, 5),
(81, 3.7, '2017-2', 21, 6),
(82, 4.5, '2017-2', 22, 7),
(83, 4.0, '2017-2', 23, 8),
(84, 4.3, '2017-2', 24, 9),
(85, 3.9, '2017-2', 25, 10),
(86, 4.2, '2017-2', 26, 11),
(87, 3.8, '2017-2', 27, 12),
(88, 4.1, '2017-2', 28, 13),
(89, 3.7, '2017-2', 29, 14),
(90, 4.5, '2017-2', 30, 15),
(91, 4.0, '2018-1', 31, 1),
(92, 4.2, '2018-1', 32, 2),
(93, 3.8, '2018-1', 33, 3),
(94, 4.1, '2018-1', 34, 4),
(95, 3.7, '2018-1', 35, 5),
(96, 4.5, '2018-1', 36, 6),
(97, 4.0, '2018-1', 37, 7),
(98, 4.3, '2018-1', 38, 8),
(99, 3.9, '2018-1', 39, 9),
(100, 4.2, '2018-1', 40, 10),
(101, 3.8, '2018-1', 41, 11),
(102, 4.1, '2018-1', 42, 12),
(103, 3.7, '2018-1', 43, 13),
(104, 4.5, '2018-1', 44, 14),
(105, 4.0, '2018-1', 45, 15),
(106, 4.3, '2018-2', 46, 1),
(107, 3.9, '2018-2', 47, 2),
(108, 4.2, '2018-2', 48, 3),
(109, 3.8, '2018-2', 49, 4),
(110, 4.1, '2018-2', 50, 5),
(111, 3.7, '2018-2', 51, 6),
(112, 4.5, '2018-2', 52, 7),
(113, 4.0, '2018-2', 53, 8),
(114, 4.3, '2018-2', 54, 9),
(115, 3.9, '2018-2', 55, 10),
(116, 4.2, '2018-2', 56, 11),
(117, 3.8, '2018-2', 57, 12),
(118, 4.1, '2018-2', 58, 13),
(119, 3.7, '2018-2', 59, 14),
(120, 4.5, '2018-2', 60, 15);

-- Edificios de UNAL sede Bogotá: https://es.wikipedia.org/wiki/Anexo:Edificios_de_la_Ciudad_Universitaria_de_Bogot%C3%A1
INSERT INTO bienestar_UN.EDIFICIO (edi_id, edi_nombre, edi_direccion) 
VALUES 
('101', 'Torre de Enfermería', 'Ciudad Universitaria'),
('102', 'Biblioteca Central Gabriel García Márquez', 'Ciudad Universitaria'),
('103', 'Polideportivo', 'Ciudad Universitaria'),
('104', 'Auditorio León de Greiff', 'Ciudad Universitaria'),
('201', 'Facultad de Derecho, Ciencias Políticas y Sociales', 'Ciudad Universitaria'),
('205', 'Edificio Orlando Fals Borda: Departamento de Sociología', 'Ciudad Universitaria'),
('207', 'Museo de Arquitectura Leopoldo Rother', 'Ciudad Universitaria'),
('210', 'Facultad de Odontología', 'Ciudad Universitaria'),
('211', 'Cafetería de Odontología', 'Ciudad Universitaria'),
('212', 'Aulas de Ciencias Humanas', 'Ciudad Universitaria'),
('213', 'Restaurante "Campus" de Ciencias Humanas', 'Ciudad Universitaria'),
('214', 'Edificio Antonio Nariño - Departamento de Lingüística. Departamento de Ingeniería Civil y Agrícola', 'Ciudad Universitaria'),
('217', 'Edificio Francisco de Paula Santander: Diseño Gráfico', 'Ciudad Universitaria'),
('224', 'Edificio Manuel Ancízar', 'Ciudad Universitaria'),
('225', 'Edificio Rogelio Salmona de Posgrados en Ciencias Humanas', 'Ciudad Universitaria'),
('228', 'Edificio de Enfermería Nuevo', 'Ciudad Universitaria'),
('229', 'Departamento de lenguas extranjeras', 'Ciudad Universitaria'),
('230', 'Banco Popular', 'Ciudad Universitaria'),
('231', 'Departamento de Lenguas Extranjeras', 'Ciudad Universitaria'),
('235', 'Portería Peatonal Calle 26', 'Ciudad Universitaria'),
('236', 'Subestación Eléctrica Calle 26', 'Ciudad Universitaria'),
('238', 'Postgrados de Ciencias Económicas', 'Ciudad Universitaria'),
('239', 'Filosofía', 'Ciudad Universitaria'),
('251', 'Capilla', 'Ciudad Universitaria'),
('252', 'Portería Acceso Vehicular Capilla', 'Ciudad Universitaria'),
('253', 'Portería Salida Vehicular Capilla', 'Ciudad Universitaria'),
('301', 'Escuela de Artes Plásticas', 'Ciudad Universitaria'),
('303', 'Escuela de Arquitectura (cerrado desde 2012, demolición programada para diciembre de 2014)2​3​', 'Ciudad Universitaria'),
('305', 'Conservatorio de Música', 'Ciudad Universitaria'),
('309', 'Talleres y Aulas de Construcción', 'Ciudad Universitaria'),
('310', 'Facultad de Ciencias Económicas', 'Ciudad Universitaria'),
('311', 'Bloque II Facultad de Ciencias Económicas', 'Ciudad Universitaria'),
('314', 'Postgrados en Arquitectura - SINDU', 'Ciudad Universitaria'),
('317', 'Museo de Arte', 'Ciudad Universitaria'),
('401', 'Facultad de Ingeniería', 'Ciudad Universitaria'),
('403', 'Caseta de comestibles', 'Ciudad Universitaria'),
('404', 'Departamentos de Matemáticas, Física y Estadística', 'Ciudad Universitaria'),
('405', 'Postgrados en Matemáticas y Física', 'Ciudad Universitaria'),
('406', 'Instituto de Extensión e Investigación', 'Ciudad Universitaria'),
('407', 'Postgrados en Materiales y Procesos de Manufactura', 'Ciudad Universitaria'),
('408', 'Laboratorio de Ensayos Hidráulicos', 'Ciudad Universitaria'),
('409', 'Laboratorio de Hidráulica', 'Ciudad Universitaria'),
('410', 'Playa de Modelos', 'Ciudad Universitaria'),
('411', 'Laboratorios de Ingeniería', 'Ciudad Universitaria'),
('412', 'Laboratorio de Ingeniería Química', 'Ciudad Universitaria'),
('413', 'Observatorio Astronómico', 'Ciudad Universitaria'),
('414', 'Canchas de Tenis T-2, T-3 y T-4', 'Ciudad Universitaria'),
('421', 'Departamento de Biología', 'Ciudad Universitaria'),
('425', 'Instituto de Ciencias Naturales', 'Ciudad Universitaria'),
('426', 'Instituto de Genética', 'Ciudad Universitaria'),
('431', 'Instituto Pedagógico Arturo Ramírez Montúfar: IPARM', 'Ciudad Universitaria'),
('432', 'Programa Recreo', 'Ciudad Universitaria'),
('433', 'Almacén e Imprenta', 'Ciudad Universitaria'),
('434', 'Instituto Pedagógico Arturo Ramírez Montúfar IPARM', 'Ciudad Universitaria'),
('435', 'Talleres de Mantenimiento', 'Ciudad Universitaria'),
('436', 'Parque Automotor', 'Ciudad Universitaria'),
('437', 'Centro de Acopio de Residuos Sólidos', 'Ciudad Universitaria'),
('438', 'Talleres y Gestiones de Mantenimiento', 'Ciudad Universitaria'),
('450', 'Departamento de Farmacia', 'Ciudad Universitaria'),
('451', 'Departamento de Química', 'Ciudad Universitaria'),
('452', 'Postgrados en Bioquímica y Carbones', 'Ciudad Universitaria'),
('453', 'Aulas de Ingeniería', 'Ciudad Universitaria'),
('454', 'Ciencia y Tecnología (CyT)', 'Ciudad Universitaria'),
('471', 'Facultad de Medicina', 'Ciudad Universitaria'),
('472', 'Subestación Eléctrica', 'Ciudad Universitaria'),
('473', 'Perrera', 'Ciudad Universitaria'),
('476', 'Facultad de Ciencias', 'Ciudad Universitaria'),
('477', 'Dirección Nacional de Innovación Académica', 'Ciudad Universitaria'),
('480', 'Depósitos Facultad de Medicina', 'Ciudad Universitaria'),
('481', 'Facultad de Medicina Veterinaria y Zootecnia', 'Ciudad Universitaria'),
('495', 'Cancha de T1', 'Ciudad Universitaria'),
('496', 'Cancha de Voleibol', 'Ciudad Universitaria'),
('500', 'Facultad de Ciencias Agrarias', 'Ciudad Universitaria'),
('500A', 'Planta de Leches y Vegetales', 'Ciudad Universitaria'),
('500B', 'Archivo Central Histórico', 'Ciudad Universitaria'),
('500C', 'Laboratorio de Control de Calidad', 'Ciudad Universitaria'),
('500D', 'Supermercado y Aulas', 'Ciudad Universitaria'),
('500E', 'Caseta de Máquinas', 'Ciudad Universitaria'),
('500F', 'Invernadero de control', 'Ciudad Universitaria'),
('500G', 'Caseta de servicios', 'Ciudad Universitaria'),
('500H', 'Invernadero de Programación', 'Ciudad Universitaria'),
('500I', 'Invernadero de Crecimiento', 'Ciudad Universitaria'),
('500J', 'Invernadero de Crecimiento', 'Ciudad Universitaria'),
('500K', 'Invernadero de Crecimiento', 'Ciudad Universitaria'),
('500L', 'Centro de Compostaje', 'Ciudad Universitaria'),
('500M', 'Invernadero de Crecimiento', 'Ciudad Universitaria'),
('500N', 'Invernadero de Crecimiento', 'Ciudad Universitaria'),
('500O', 'Invernadero de Crecimiento', 'Ciudad Universitaria'),
('500P', 'Invernadero de Crecimiento', 'Ciudad Universitaria'),
('500V', 'Caseta del celador', 'Ciudad Universitaria'),
('501', 'Cirugía y Clínica de Grandes Animales', 'Ciudad Universitaria'),
('502', 'Aula y Laboratorios de Histopatología e Inseminación', 'Ciudad Universitaria'),
('503', 'Auditorios, Anfiteatros y Microbiología', 'Ciudad Universitaria'),
('504', 'Patología Aviar, Gallinero y Perrera', 'Ciudad Universitaria'),
('505', 'Laboratorio de Inseminación y Corral de Equinos', 'Ciudad Universitaria'),
('506', 'Laboratorio de Patología Clínica y Corral de Bovinos', 'Ciudad Universitaria'),
('507', 'Clínica de Pequeños Animales', 'Ciudad Universitaria'),
('508', 'Oficinas', 'Ciudad Universitaria'),
('510', 'Farmacia y Oficinas', 'Ciudad Universitaria'),
('531', 'Laboratorio de Investigaciones Patológicas', 'Ciudad Universitaria'),
('532', 'Laboratorio de Investigaciones Patológicas', 'Ciudad Universitaria'),
('533', 'Laboratorio de Investigaciones Patológicas', 'Ciudad Universitaria'),
('534', 'Laboratorio de Investigaciones Patológicas', 'Ciudad Universitaria'),
('535', 'Laboratorio de Investigaciones Patológicas', 'Ciudad Universitaria'),
('537', 'Laboratorio de Investigaciones Patológicas', 'Ciudad Universitaria'),
('561', 'Posgrados de Veterinaria', 'Ciudad Universitaria'),
('561A', 'Oficinas de Producción Animal', 'Ciudad Universitaria'),
('561B', 'Posgrado Reproducción Animal', 'Ciudad Universitaria'),
('561C', 'Bioterio y Establos de Producción', 'Ciudad Universitaria'),
('561D', 'Comportamiento Animal', 'Ciudad Universitaria'),
('561E', 'Investigaciones Avícolas', 'Ciudad Universitaria'),
('561F', 'Bioterio de Experimentación', 'Ciudad Universitaria'),
('561G', 'Unibiblos', 'Ciudad Universitaria'),
('561H', 'Aulas y depósitos Unibiblos', 'Ciudad Universitaria'),
('561I', 'Horno Crematorio', 'Ciudad Universitaria'),
('564', 'Aulas de ciencias "Gloria Galeano Garcés"', 'Ciudad Universitaria'),
('571', 'Hemeroteca Nacional', 'Ciudad Universitaria'),
('603', 'Portería Calle 45', 'Ciudad Universitaria'),
('606', 'Instituto Interamericano de Cooperación para la Agricultura', 'Ciudad Universitaria'),
('608', 'Unidad de Servicios de Computación y SIA', 'Ciudad Universitaria'),
('610', 'Centro en Investigación y Desarrollo en Información Geográfica', 'Ciudad Universitaria'),
('614', 'Central Telefónica', 'Ciudad Universitaria'),
('615', 'Laboratorio de Química e Ingeominas', 'Ciudad Universitaria'),
('621', 'Instituto Geográfico Agustín Codazzi', 'Ciudad Universitaria'),
('631', 'Instituto Colombiano de Ingeniería Minería: INGEOMINAS', 'Ciudad Universitaria'),
('632', 'Galpón de Biología', 'Ciudad Universitaria'),
('700', 'Portería Vehicular y Peatonal Transversal 38', 'Ciudad Universitaria'),
('701', 'Departamento de Cine y Televisión', 'Ciudad Universitaria'),
('710', 'Diamante de Béisbol', 'Ciudad Universitaria'),
('731', 'Estadio de fútbol "Alfonso López Pumarejo"', 'Ciudad Universitaria'),
('761', 'Concha Acústica', 'Ciudad Universitaria'),
('861', 'Edificio Uriel Gutiérrez', 'Ciudad Universitaria'),
('862', 'Unidad Camilo Torres', 'Ciudad Universitaria'),
('901', 'Portería Vehicular y Peatonal Calle 53', 'Ciudad Universitaria'),
('905', 'Jardín Infantil', 'Ciudad Universitaria'),
('910', 'Instituto Colombiano de Normas Técnicas y Certificación: Icontec', 'Ciudad Universitaria'),
('935', 'Sede Sector CAN', 'Ciudad Universitaria');


-- Inserciones de salones para el edificio "401" Facultad de ingeniería
-- Primer piso
INSERT INTO bienestar_UN.ESPACIO (esp_id, esp_nombre, esp_capacidad, esp_edi_id) 
VALUES 
(21, 'Salón 101', 50, '401'),
(22, 'Salón 102', 50, '401'),
(23, 'Salón 103', 50, '401'),
(24, 'Salón 104', 50, '401'),
(25, 'Salón 105', 50, '401'),
(26, 'Salón 106', 50, '401'),
(27, 'Salón 107', 50, '401');

-- Segundo piso
INSERT INTO bienestar_UN.ESPACIO (esp_id, esp_nombre, esp_capacidad, esp_edi_id) 
VALUES 
(28, 'Salón 201', 50, '401'),
(29, 'Salón 202', 50, '401'),
(30, 'Salón 203', 50, '401'),
(31, 'Salón 204', 50, '401'),
(32, 'Salón 205', 50, '401'),
(33, 'Salón 206', 50, '401'),
(34, 'Salón 207', 50, '401');

-- Tercer piso
INSERT INTO bienestar_UN.ESPACIO (esp_id, esp_nombre, esp_capacidad, esp_edi_id) 
VALUES 
(35, 'Salón 301', 50, '401'),
(36, 'Salón 302', 50, '401'),
(37, 'Salón 303', 50, '401'),
(38, 'Salón 304', 50, '401'),
(39, 'Salón 305', 50, '401'),
(40, 'Salón 306', 50, '401'),
(41, 'Salón 307', 50, '401');

-- Inserciones de salas y auditorios del edificio 401

INSERT INTO bienestar_UN.ESPACIO (esp_id, esp_nombre, esp_capacidad, esp_edi_id) 
VALUES
-- Sala A
(42, 'Sala A', 40, '401'),
-- Sala B
(43, 'Sala B', 40, '401'),
-- Auditorio A
(44, 'Auditorio A', 220, '401'),
-- Auditorio B
(45, 'Auditorio B', 220, '401');

-- Espacios abiertos
INSERT INTO bienestar_UN.ESPACIO (esp_id, esp_nombre, esp_capacidad, esp_edi_id) 
VALUES 
(46, 'Plaza Central', 3000, NULL), -- Espacio no asociado a ningún edificio
(47, 'Cancha de Tenis T-2', 10, '414'),
(48, 'Cancha de Tenis T-3', 10, '414'),
(49, 'Cancha de Tenis T-4', 10, '414'),
(50, 'Cancha de T1', 50, '495'),
(51, 'Cancha de Voleibol', 30, '496'),
(52, 'Diamante de Béisbol', 120, '710'),
(53, 'Estadio de fútbol "Alfonso López Pumarejo"', 12000, '731'),
(54, 'Concha Acústica', 1000, '761'),
(55, 'Auditorio Leon de Greiff', 1619, '104');
